{
  "warmup_accuracy": [
    0.4881175756454468,
    0.6848030090332031,
    0.7548467516899109,
    0.794559121131897,
    0.8173858523368835,
    0.8367729783058167
  ],
  "warmup_loss": [
    1.5721722841262817,
    0.9221306443214417,
    0.7326409816741943,
    0.630468487739563,
    0.5410019755363464,
    0.48942747712135315
  ],
  "warmup_val_accuracy": [
    0.7085798978805542,
    0.784023642539978,
    0.831360936164856,
    0.834319531917572,
    0.8653846383094788,
    0.8698225021362305
  ],
  "warmup_val_loss": [
    0.823704719543457,
    0.6120359301567078,
    0.5051982998847961,
    0.4601115882396698,
    0.3873305022716522,
    0.35355159640312195
  ],
  "warmup_learning_rate": [
    0.0010000000474974513,
    0.0010000000474974513,
    0.0010000000474974513,
    0.0010000000474974513,
    0.0010000000474974513,
    0.0010000000474974513
  ],
  "finetune_accuracy": [
    0.690431535243988,
    0.7707942724227905,
    0.7958098649978638,
    0.8433395624160767,
    0.8517823815345764,
    0.8714821934700012,
    0.8771107196807861,
    0.897748589515686,
    0.9036898016929626,
    0.906191349029541
  ],
  "finetune_loss": [
    0.9555059671401978,
    0.7214967608451843,
    0.6021106243133545,
    0.5139325261116028,
    0.44662392139434814,
    0.4111213684082031,
    0.38421979546546936,
    0.3297158181667328,
    0.32555389404296875,
    0.30285972356796265
  ],
  "finetune_val_accuracy": [
    0.8565088510513306,
    0.8550295829772949,
    0.8639053106307983,
    0.8727810382843018,
    0.8801774978637695,
    0.8772189617156982,
    0.892011821269989,
    0.8994082808494568,
    0.9082840085029602,
    0.9112426042556763
  ],
  "finetune_val_loss": [
    0.406252920627594,
    0.413458913564682,
    0.3945610523223877,
    0.36397048830986023,
    0.3396262526512146,
    0.31474393606185913,
    0.29947301745414734,
    0.28678181767463684,
    0.27171066403388977,
    0.2560754716396332
  ],
  "finetune_learning_rate": [
    2.9999999242136255e-05,
    2.9999999242136255e-05,
    2.9999999242136255e-05,
    2.9999999242136255e-05,
    2.9999999242136255e-05,
    2.9999999242136255e-05,
    2.9999999242136255e-05,
    2.9999999242136255e-05,
    2.9999999242136255e-05,
    2.9999999242136255e-05
  ]
}