{
  "accuracy": [
    0.13565891981124878,
    0.1666666716337204,
    0.1782945692539215,
    0.2461240291595459,
    0.20542635023593903,
    0.2577519416809082,
    0.2655038833618164,
    0.2945736348628998,
    0.3062015473842621
  ],
  "loss": [
    2.7283942699432373,
    2.549560785293579,
    2.470609664916992,
    2.3509316444396973,
    2.365769624710083,
    2.226344347000122,
    2.235661268234253,
    2.1174893379211426,
    2.1149165630340576
  ],
  "val_accuracy": [
    0.052173912525177,
    0.08695652335882187,
    0.11304347962141037,
    0.104347825050354,
    0.08695652335882187,
    0.12173912674188614,
    0.104347825050354,
    0.104347825050354,
    0.104347825050354
  ],
  "val_loss": [
    2.633833408355713,
    2.8388748168945312,
    3.087693214416504,
    3.392089366912842,
    3.4119179248809814,
    3.407043933868408,
    3.370195150375366,
    3.450852870941162,
    3.1891212463378906
  ],
  "learning_rate": [
    0.0010000000474974513,
    0.0010000000474974513,
    0.0010000000474974513,
    0.0010000000474974513,
    0.0010000000474974513,
    0.0005000000237487257,
    0.0005000000237487257,
    0.0005000000237487257,
    0.0005000000237487257
  ]
}